hike_id,name,region,latitude,longitude,coordinate_source_url,coordinates_verified
NZ001,South Coast Track,Southland,,,,0
NZ002,Arrow River Bridges Trail,Otago,,,,0
NZ003,Wairere Falls Track,Waikato,,,,0
NZ004,New Chum Loop,Otago,,,,0
NZ005,Ernies Loop Track,Auckland,,,,0
NZ006,Te Whare Okioki Hut from Te Tuhi Road,Waikato,,,,0
NZ007,Rock Peak Track,Otago,,,,0
NZ008,Henderson Tramline Loop Track,Bay of Plenty,,,,0
NZ009,Dukes Nose via Wairaku Stream Track,Northland,,,,0
NZ010,Moke Lake Loop Track,Otago,,,,0
NZ011,Moonlight Track from Arthurs Point,Otago,,,,0
NZ012,Milford Track,Southland,,,,0
NZ013,Casey Saddle - Binser Saddle Loop,Canterbury,,,,0
NZ014,Lake Daniell Track,West Coast,,,,0
NZ015,Thirteen Mile Bush track to Benmore Hut,Canterbury,,,,0
NZ016,Taylors Mistake to Black Rock Point,Canterbury,,,,0
NZ017,Tiromoana Bush Walk,Canterbury,,,,0
NZ018,Bottle Lake Forest Blue Track,Canterbury,,,,0
NZ019,Dalys Clearing Hut from Te Aroha,Waikato,,,,0
NZ020,Ruby Island Walk,Otago,,,,0
NZ021,Sealy Tarns Track,Canterbury,,,,0
NZ022,Manawatu Gorge Track from Manawatu Gorge Road End,Manawatū-Whanganui,,,,0
NZ023,Whakapapaiti Valley Loop,Manawatū-Whanganui,,,,0
NZ024,Key Summit Ridge Track,Southland,,,,0
NZ025,Lake Christabel Hut via Lake Christabel Track,West Coast,,,,0
NZ026,The Old Ghost Road,West Coast,,,,0
NZ027,Te Wairere Waterfall Walk,Northland,,,,0
NZ028,Butterfield Wetland Track,Otago,,,,0
NZ029,Coronet Peak to Arrowtown via Brow Peak,Otago,,,,0
NZ030,Arrow River Trail via Millennium Walkway,Otago,,,,0
NZ031,Tasman Lake Track,Canterbury,,,,0
NZ032,Arthur's Pass Walking Track,Canterbury,,,,0
NZ033,Hooker Hut Track,Canterbury,,,,0
NZ034,Abel Tasman Coast Track: Marahau to Anchorage,Nelson-Tasman,,,,0
NZ035,Brightwater Loop Track,Nelson-Tasman,,,,0
NZ036,Anchorage to Marahau via Abel Tasman Coast Track (North to South),Nelson-Tasman,,,,0
NZ037,Pouakai Hut to Pouakai Tarns,Taranaki,,,,0
NZ038,Holly Hut to Pouakai Hut,Taranaki,,,,0
NZ039,Split Apple Beach Track,Nelson-Tasman,,,,0
NZ040,Kaiauai Track to Henry Peak,Taranaki,,,,0
NZ041,Wainui Bay Taupo Point Walk,Nelson-Tasman,,,,0
NZ042,Coromandel Walkway: Fletcher Bay to Poley Bay,Waikato,,,,0
NZ043,Motueka Inlet Short Loop,Nelson-Tasman,,,,0
NZ044,Abel Tasman Coast Track: Anchorage to Bark Bay,Nelson-Tasman,,,,0
NZ045,Marsden Valley to Brook Valley via Glider Road,Nelson-Tasman,,,,0
NZ046,Tasman Lake and River Walk,Canterbury,,,,0
NZ047,Puniho Track to Holly Hut via Bells Falls Track,Taranaki,,,,0
NZ048,Bluff Hill Summit via Topuni Track,Southland,,,,0
NZ049,Beveridge to Arataki Path,Auckland,,,,0
NZ050,Kitekite Falls Path,Auckland,,,,0
NZ051,Suspension Bridge Loop,Auckland,,,,0
NZ052,Glendhu Bay Track,Otago,,,,0
NZ053,Trig M via Coach Stream,Canterbury,,,,0
NZ054,Skyline Loop Track to Ben Lomond Paragliding Launch Site,Otago,,,,0
NZ055,Conroys Gully Walk,Otago,,,,0
NZ056,Taieri Millenium Track,Otago,,,,0
NZ057,Kepler Track Carpark to Rainbow Reach via Kepler Track,Southland,,,,0
NZ058,Lake Manapouri Circuits,Southland,,,,0
NZ059,Mount Burns Tarns Track,Southland,,,,0
NZ060,Lake Hauroko Lookout Track,Southland,,,,0
NZ061,Kepler Track: Kepler Track Carpark to Brod Bay Campsite,Southland,,,,0
NZ062,Derek Turnbull Track,Southland,,,,0
NZ063,Fuchsia and Raroa Walk,Southland,,,,0
NZ064,Hamilton Park Loop,Southland,,,,0
NZ065,Longwood Forest Loop Track,Southland,,,,0
NZ066,Otatara Scenic Reserve Loop,Southland,,,,0
NZ067,Kilmock Track,Southland,,,,0
NZ068,Ngahere Ara track,Southland,,,,0
NZ069,Omaui Walkway,Southland,,,,0
NZ070,Lake Monowai Peninsula Lookout Track,Southland,,,,0
NZ071,Hump Ridge Track,Southland,,,,0
NZ072,Riverton to Invercargill,Southland,,,,0
NZ073,Kohi Point Walkway,Bay of Plenty,,,,0
NZ074,Rakiura Track,Southland,,,,0
NZ075,Hinewai Falls Loop,Canterbury,,,,0
NZ076,Otira Valley Track,Canterbury,,,,0
NZ077,Ashley Gorge Loop and Waterfall Track,Canterbury,,,,0
NZ078,Awaroa/Godley Head Loop Track,Canterbury,,,,0
NZ079,Godley Head Out-and-Back from Taylors Mistake,Canterbury,,,,0
NZ080,Tasman Glacier View Track,Canterbury,,,,0
NZ081,Sumner Beach Walk,Canterbury,,,,0
NZ082,Godley Head Walkway to Tunnel Track,Canterbury,,,,0
NZ083,Mount Herbert/Te Ahu Patiki via Kaituna Valley Packhorse Hut Track,Canterbury,,,,0
NZ084,Halfway Te Ara Trail Circle,Canterbury,,,,0
NZ085,Packhorse Hut via Mount Herbert Walkway,Canterbury,,,,0
NZ086,Mount Victoria Loop,Wellington,,,,0
NZ087,Mount Victoria Loop from Alexandra Road,Wellington,,,,0
NZ088,"Wind Turbine, Te Kopahou, Red Rocks Loop",Wellington,,,,0
NZ089,Queen Elizabeth Park Coastal Loop,Wellington,,,,0
NZ090,Old Farm Te Ara o Whareroa Loop,Wellington,,,,0
NZ091,Te Ahumairangi Northern Walkway and Ridgeline Loop,Wellington,,,,0
NZ092,Thorndon to Wadestown over Te Ahumairangi Hill,Wellington,,,,0
NZ093,Skyline Track: Makara Road to Johnsonville,Wellington,,,,0
NZ094,Colonial Knob Loop from Ohariu Valley,Wellington,,,,0
NZ095,Korokoro Dam Loop,Wellington,,,,0
NZ096,Totara Flats Hut Track,Wellington,,,,0
NZ097,Mount Kohukohunui from Upper Mangatawhiri Campground,Auckland,,,,0
NZ098,"Slip, Pipeline, and Beveridge Track Loop",Auckland,,,,0
NZ099,"Te Araroa: Auckland, Coast To Coast Walkway",Auckland,,,,0
NZ100,Henderson Loop Path,Auckland,,,,0
NZ101,Kerikeri River Track,Northland,,,,0
NZ102,Wairakau Stream Track to Lane Cove Hut,Northland,,,,0
NZ103,Mangonui to Taumarumaru Scenic Reserve,Northland,,,,0
NZ104,Mount Parihaka via Hokianga Track,Northland,,,,0
NZ105,Whangarei Heads Loop,Northland,,,,0
NZ106,Herekino Forest Track,Northland,,,,0
NZ107,Rangitoto Island Summit Track,Auckland,,,,0
NZ108,Dome Forest Carpark to Top of The Dome Viewpoint,Auckland,,,,0
NZ109,Blue Spring via Te Waihou Walkway from Whites Road,Waikato,,,,0
NZ110,Mount Ngongotaha Track,Bay of Plenty,,,,0
NZ111,Blue Spring from Leslie Road Trailhead via Te Waihou Walkway,Waikato,,,,0
NZ112,Sunrise Track from Top Flat,Bay of Plenty,,,,0
NZ113,Moturiki Island,Bay of Plenty,,,,0
NZ114,Waihī Beach Trig & Forest Loop,Bay of Plenty,,,,0
NZ115,Blue Lake Track,Otago,,,,0
NZ116,Te Kere Haka Track,Otago,,,,0
NZ117,Picnic Point via Bobs Cove Track,Otago,,,,0
NZ118,Devils Creek Track,Otago,,,,0
NZ119,Goldies Bush and Mokoroa Falls Loop,Auckland,,,,0
NZ120,Burnside Park Loop,Canterbury,,,,0
NZ121,Conical Hill Loop Track,Canterbury,,,,0
NZ122,South Temple Valley Track,Canterbury,,,,0
NZ123,Camp Stream Hut,Canterbury,,,,0
NZ124,Travers-Sabine Circuit: Sabine Hut to Speargrass Hut,Nelson-Tasman,,,,0
NZ125,Cable Bay Walkway,Nelson-Tasman,,,,0
NZ126,Hakarimata Summit Track,Waikato,,,,0
NZ127,Square Kauri Tree Walk,Waikato,,,,0
NZ128,Crosbies Hut via Waiotahi Track,Waikato,,,,0
NZ129,Whitianga Coast Track,Waikato,,,,0
NZ130,Waiau Kauri Grove Track,Waikato,,,,0
NZ131,Ruapuke Beach Loop Walk,Waikato,,,,0
NZ132,Ngarunui Track,Waikato,,,,0
NZ133,Wairoa Dam Lookout Loop,Auckland,,,,0
NZ134,Pipeline Loop Track,Otago,,,,0
NZ135,45 Parallel Track,Otago,,,,0
NZ136,Bennetts Bluff View Point Walk,Otago,,,,0
NZ137,Top Robinson Hut to Lake Christabel Hut,West Coast,,,,0
NZ138,Amberley Beach Walk,Canterbury,,,,0
NZ139,Rotopounamu Track,Waikato,,,,0
NZ140,Silica Rapids Loop Walk,Manawatū-Whanganui,,,,0
NZ141,Tukino Skifield 4WD Track,Manawatū-Whanganui,,,,0
NZ142,Matiri Valley Track (McConchies Hut to Hurricane Hut),Nelson-Tasman,,,,0
NZ143,Travers-Sabine Circuit,Nelson-Tasman,,,,0
NZ144,Mount Robert Circuit,Nelson-Tasman,,,,0
NZ145,Cable Bay Walkway to Sentinel Lookout,Nelson-Tasman,,,,0
NZ146,Sir Stanley Whitehead Walkway,Nelson-Tasman,,,,0
NZ147,Railway Reserve Pathway,Nelson-Tasman,,,,0
NZ148,Tahunanui Beach Walk,Nelson-Tasman,,,,0
NZ149,Atawhai Shared Path to Nelson Airport,Nelson-Tasman,,,,0
NZ150,Nydia Campsite via Nydia Track,Marlborough,,,,0
NZ151,Queen Charlotte Track: Ship Cove to Resolution Bay,Marlborough,,,,0
NZ152,Ship Cove to Furneaux Lodge via Queen Charlotte Track,Marlborough,,,,0
NZ153,Lake Matheson Jetty Lookout Walk,West Coast,,,,0
NZ154,Peter's Pool Walk,West Coast,,,,0
NZ155,Hokitika Gorge Walk,West Coast,,,,0
NZ156,Sentinel Rock Trail,West Coast,,,,0
NZ157,Terrace Walk,West Coast,,,,0
NZ158,Swimmers Beach Walk,West Coast,,,,0
NZ159,Gerhardt Spur Track to Jumble Top via Gerhardt Spur Bivouac,West Coast,,,,0
NZ160,Dorothy Falls,West Coast,,,,0
NZ161,Punakaiki Loop,West Coast,,,,0
NZ162,Wharekai-Te Kou Walk,West Coast,,,,0
NZ163,Punakaiki Pancake Rocks and Blowholes Loop,West Coast,,,,0
NZ164,Bruce Bay Beach Walk,West Coast,,,,0
NZ165,Copland Track to Architect Creek Hut,West Coast,,,,0
NZ166,Lake Howden via Routeburn Track,Otago,,,,0
NZ167,Hawea River Track,Otago,,,,0
NZ168,The Outlet Track,Otago,,,,0
NZ169,Mount Iron from Wanaka Luggate Highway Carpark,Otago,,,,0
NZ170,Mount Iron from Hidden Hills,Otago,,,,0
NZ171,Mount Judah Track,Otago,,,,0
NZ172,Luggate Creek Track,Otago,,,,0
NZ173,Lake Gunn Nature Walk,Otago,,,,0
NZ174,Bowen Bush Walk,Canterbury,,,,0
NZ175,Prebbleton Nature Park Walk,Canterbury,,,,0
NZ176,Arataki Nature Trail,Auckland,,,,0
NZ177,Kitekite Falls via Winston Track,Auckland,,,,0
NZ178,"Exhibition Drive, Pipeline Road, Slip, Beveridge Tracks Loop.",Auckland,,,,0
NZ179,Karekare Falls Walk,Auckland,,,,0
NZ180,"Islington Bay Road, Summit Road, and Summit Track Loop",Auckland,,,,0
NZ181,Karangahake Windows Walk,Waikato,,,,0
NZ182,Long Bay Kauri Walk,Waikato,,,,0
NZ183,Kaipawa Trig Track,Waikato,,,,0
NZ184,Low Level Loop,Waikato,,,,0
NZ185,Waiomu Kauri Grove Walk,Waikato,,,,0
NZ186,Uretara Stream and Park Road Reserve Walk,Bay of Plenty,,,,0
NZ187,Papamoa Stormwater Reserve to Parton Road,Bay of Plenty,,,,0
NZ188,Kopurererua Valley Reserve Loop,Bay of Plenty,,,,0
NZ189,Aongatete Long Loop and Waterhole Track,Bay of Plenty,,,,0
NZ190,Mount Eliza Track to Motutapere Hut,Bay of Plenty,,,,0
NZ191,Lake Waikaremoana: Onepoto to Panekire Hut,Hawke's Bay,,,,0
NZ192,Whakaki Beach Walk,Hawke's Bay,,,,0
NZ193,Sunrise Hut to Sparrowhawk Bivouac,Hawke's Bay,,,,0
NZ194,Lake Waikaremoana: Marauiti Hut to Hopuruahine Landing,Hawke's Bay,,,,0
NZ195,Ahuriri Estuary Walking Track,Hawke's Bay,,,,0
NZ196,Kaweka Forest - Studholm Saddle Hut,Hawke's Bay,,,,0
NZ197,Pahiatua Track,Manawatū-Whanganui,,,,0
NZ198,Round the Mountain Track: Whakapapaiti Hut to Whakapapa Village,Manawatū-Whanganui,,,,0
NZ199,Ohakune Lakes Reserve Loop,Manawatū-Whanganui,,,,0
NZ200,Upokongaro Bridge and Whanganui River Walk,Manawatū-Whanganui,,,,0
NZ201,Waimakariri Walkway,Canterbury,,,,0
NZ202,Atiwhakatu Hut Track,Wellington,,,,0
NZ203,South Bay Track,Canterbury,,,,0
NZ204,Cattle Ridge Track,Wellington,,,,0
NZ205,Colonial Knob Walk,Wellington,,,,0
NZ206,Otari-Wilton’s Bush Circular Walk,Wellington,,,,0
NZ207,Dog Stream Waterfall via Waterfall Track,Canterbury,,,,0
NZ208,Whakanui Track,Wellington,,,,0
NZ209,Mount Fyffe Summit via Mount Fyffe Hut,Canterbury,,,,0
NZ210,Curry Track,Canterbury,,,,0
NZ211,Leith Hill Loop Track,Canterbury,,,,0
NZ212,Dusky Trail to Darts Bush/Upper Fraser Stream Junction,Canterbury,,,,0
NZ213,Crater Rim Walkway: Sign of the Kiwi to Lyttleton via Stan Helms Trail,Canterbury,,,,0
NZ214,Mount Hutt Forest Loop Track,Canterbury,,,,0
NZ215,Bridal Veil Falls Lookout Walk,Canterbury,,,,0
NZ216,Hawdon Shelter Campsite to Hawdon Hut,Canterbury,,,,0
NZ217,Cave Stream Loop Track,Canterbury,,,,0
NZ218,Lees Valley Road Track,Canterbury,,,,0
NZ219,Mount Vernon Farm and Valley Track Loop,Canterbury,,,,0
NZ220,Mount Somers Track: Jig Rd - Sharplin Falls,Canterbury,,,,0
NZ221,Lake Clearwater Circuit Track,Canterbury,,,,0
NZ222,Red Tarns via Governors Bush Track,Canterbury,,,,0
NZ223,Mount Barrosa Track,Canterbury,,,,0
NZ224,Poynter Track,Canterbury,,,,0
NZ225,Roundabout Lake Emma,Canterbury,,,,0
NZ226,Otamatapaio Track,Canterbury,,,,0
NZ227,Stoney Bay Peak Track,Canterbury,,,,0
NZ228,The Willows Dog Park Loop,Canterbury,,,,0
NZ229,Mount Thomas via Summit Track,Canterbury,,,,0
NZ230,Twizel River Trail,Canterbury,,,,0
NZ231,Lake Hood Loop Walk,Canterbury,,,,0
NZ232,Lake Hood to Ashburton River Loop,Canterbury,,,,0
NZ233,Centennial Park Loop Track,Canterbury,,,,0
NZ234,Twizel River Trail Loop,Canterbury,,,,0
NZ235,Mount Vernon from Summit Road,Canterbury,,,,0
NZ236,Peter's Lookout to Lake Pukaki,Canterbury,,,,0
NZ237,Mount Somers Track via Woolshed Creek Hut,Canterbury,,,,0
NZ238,Mount Isobel via Mount Isobel Track,Canterbury,,,,0
NZ239,St James Walkway (Anne Hut to Boyle Flat Hut via Rokeby Hut),Canterbury,,,,0
NZ240,Washpen Falls Track,Canterbury,,,,0
NZ241,Mount Oxford Summit via View Hill Car Park,Canterbury,,,,0
NZ242,Bridle Path Walk to Summit Road Viewpoint,Canterbury,,,,0
NZ243,Rapaki Track,Canterbury,,,,0
NZ244,Wharfedale Hut to View Hill Carpark,Canterbury,,,,0
NZ245,Wharfdale Hut to Black Hill Hut,Canterbury,,,,0
NZ246,Gillespie Pass Circuit,Otago,,,,0
NZ247,Mou Waho Island Walk,Otago,,,,0
NZ248,Glenorchy Lagoon Walkway,Otago,,,,0
NZ249,Glenorchy Scheelite Battery via Mount Judah Track,Otago,,,,0
NZ250,Cameron Flat to Junction Flat,Otago,,,,0
NZ251,Routeburn Track: Routeburn Shelter to Routeburn Flats Hut,Otago,,,,0
NZ252,Mirror Lakes Walk,Otago,,,,0
NZ253,Swallows Circuit Track,Otago,,,,0
NZ254,Silver Peaks Loop Track,Otago,,,,0
NZ255,Carricktown Track,Otago,,,,0
NZ256,Tomahawk Lagoon and 41-Peg Track,Otago,,,,0
NZ257,Warrington Beach Walk,Otago,,,,0
NZ258,Allans Beach,Otago,,,,0
NZ259,Bob's Cove Track,Otago,,,,0
NZ260,Hawksbury Lagoon Walkway,Otago,,,,0
NZ261,Shark Bell to Second Beach Walk,Otago,,,,0
NZ262,Aspiring Hut to Pearl Flat,Otago,,,,0
NZ263,Routeburn Nature Walk,Otago,,,,0
NZ264,Routeburn Track: Routeburn Shelter to Routeburn Falls Hut,Otago,,,,0
NZ265,Ruakaka Beach Walk,Northland,,,,0
NZ266,Waipu Caves,Northland,,,,0
NZ267,Taronui Bay Recreation Reserve Track,Northland,,,,0
NZ268,Cookson Kauri Walk,Waikato,,,,0
NZ269,North Egmont Veronica Lookout Track,Taranaki,,,,0
NZ270,Wellington to Lower Hutt Shared Path,Wellington,,,,0
NZ271,Nairnville Park Loop,Wellington,,,,0
NZ272,Otari to Karori Cemetery Route,Wellington,,,,0
NZ273,Old Pencarrow Head Lighthouse Track,Wellington,,,,0
NZ274,Cape Palliser Lighthouse Walk,Wellington,,,,0
NZ275,Powell Hut Track,Wellington,,,,0
NZ276,Queen Elizabeth Park from Paekakariki Railway Station,Wellington,,,,0
NZ277,Mclean Falls Walk,Southland,,,,0
NZ278,Purakaunui Falls Track,Otago,,,,0
NZ279,Masterton Reserve Walk,Wellington,,,,0
NZ280,Cathedral Caves Walk,Southland,,,,0
NZ281,Waiohine - Cone Hut - Tutuwai Hut,Wellington,,,,0
NZ282,Korokoro Dam via Korokoro Stream Track,Wellington,,,,0
NZ283,Queen Elizabeth Park from Raumati South,Wellington,,,,0
NZ284,Battle Hill Forest Park Loop,Wellington,,,,0
NZ285,Belmont Trig via Otanga Tramping Track,Wellington,,,,0
NZ286,Belmont Trig Loop,Wellington,,,,0
NZ287,Watercare Coastal Walkway,Auckland,,,,0
NZ288,Ackers Point Track,Southland,,,,0
NZ289,Ti Point Coastal Walkway,Auckland,,,,0
NZ290,Orakei Waterfront Path,Auckland,,,,0
NZ291,Okiato to Russell Walkway,Northland,,,,0
NZ292,Whangaruru North Head - Southern Loop,Northland,,,,0
NZ293,Whangaruru North Head - Full Loop,Northland,,,,0
NZ294,Heaphy Track - Brown Hut to Perry Saddle Hut,Nelson-Tasman,,,,0
NZ295,Sir Stanley Whitehead Loop,Nelson-Tasman,,,,0
NZ296,Saint Arnaud Loop Walk,Nelson-Tasman,,,,0
NZ297,Franz Josef Glacier Walk including Sentinel Rock,West Coast,,,,0
NZ298,Kowhai Bush Walk,West Coast,,,,0
NZ299,Eastern Beaches Track,Auckland,,,,0
NZ300,Sabine Hut to D'Urville Hut,Nelson-Tasman,,,,0
NZ301,Bushline Hut via Paddy's Track,Nelson-Tasman,,,,0
NZ302,Lakehead Hut to Coldwater Hut via River Crossing,Nelson-Tasman,,,,0
NZ303,Cobb Valley Track to Fenella Hut,Nelson-Tasman,,,,0
NZ304,Black Valley Walk,Nelson-Tasman,,,,0
NZ305,Dun Mountain Loop Track,Nelson-Tasman,,,,0
NZ306,Te Paki Coastal Track,Northland,,,,0
NZ307,Kina Beach Circuit,Nelson-Tasman,,,,0
NZ308,Whispering Falls Track,Nelson-Tasman,,,,0
NZ309,Leslie-Karamea Track (Thor Hut to Trevor Carter Hut),Nelson-Tasman,,,,0
NZ310,Hawkes Lookout Walk,Nelson-Tasman,,,,0
NZ311,The Old Ghost Road: Lyell Campsite to Lyell Saddle Hut,Nelson-Tasman,,,,0
NZ312,Kohaihai Lookout Track,Nelson-Tasman,,,,0
NZ313,Potholes Walk,Nelson-Tasman,,,,0
NZ314,Dun Mountain Trail,Nelson-Tasman,,,,0
NZ315,Botanical and Puriri Track via Tanekaha Falls,Northland,,,,0
NZ316,Charlies Rock Walkway,Northland,,,,0
NZ317,Trounson Kauri Walk,Northland,,,,0
NZ318,Mangemangeroa Shelly Park Beach Path,Auckland,,,,0
NZ319,Hilltop View Loop Track,Marlborough,,,,0
NZ320,The Link Pathway: Picton to Anakiwa,Marlborough,,,,0
NZ321,Lake Chalice Hut Track,Marlborough,,,,0
NZ322,Tirohanga Track,Marlborough,,,,0
NZ323,Picton to Waikawa Track,Marlborough,,,,0
NZ324,Lake Chalice Loop Track,Marlborough,,,,0
NZ325,Mount Robertson Loop Track,Marlborough,,,,0
NZ326,Lower and Upper Bobs Bay Track Loop,Marlborough,,,,0
NZ327,Fosters Hut via Wakamarino Track,Marlborough,,,,0
NZ328,Marfells Beach Campsite to The Pier,Marlborough,,,,0
NZ329,Queen Charlotte Track: Endeavour Inlet to Camp Bay,Marlborough,,,,0
NZ330,Pelorus Bridge Circle Loop Track,Marlborough,,,,0
NZ331,Bay of Many Coves Costal Walk,Marlborough,,,,0
NZ332,Waitawheta Hut Loop Track,Waikato,,,,0
NZ333,Piripiri Cave Walk,Waikato,,,,0
NZ334,Waikawau Tunnel Beach Walk,Waikato,,,,0
NZ335,Marokopa Falls Walk,Waikato,,,,0
NZ336,Haruru Falls Walk,Northland,,,,0
NZ337,Waikato River Trails: Karapiro Section,Waikato,,,,0
NZ338,Black Hill Loop Track,Waikato,,,,0
NZ339,Ruakuri Lookout Walk,Waikato,,,,0
NZ340,Marokopa Loop Walk,Waikato,,,,0
NZ341,Dickey Flat to Karangahake Loop,Waikato,,,,0
NZ342,Withey's Loop Track,Auckland,,,,0
NZ343,Pokeno Waterfalls Walk,Waikato,,,,0
NZ344,Mount Putauaki Track,Bay of Plenty,,,,0
NZ345,Wahine Rock via North South Track and Te Rereatukahia Hut,Bay of Plenty,,,,0
NZ346,Karangahake Mountain Track Loop,Waikato,,,,0
NZ347,Dry Creek Waterfall Track,Wellington,,,,0
NZ348,Te Rereatukahia Hut from Wharawhara Road,Bay of Plenty,,,,0
NZ349,Lake Tekapo Peninsula Walkway,Canterbury,,,,0
NZ350,St James Homestead to Cow Stream Hot Pools and Scotties Hut,Canterbury,,,,0
NZ351,Boundary Creek Hut from Hakatere Heron Road,Canterbury,,,,0
NZ352,Podocarp Loop Track,Canterbury,,,,0
NZ353,Woodland Walk and Conical Hill Loop,Canterbury,,,,0
NZ354,Dog Stream Reserve Walk,Canterbury,,,,0
NZ355,Karamu Walkway North,Waikato,,,,0
NZ356,Hakarimata Walkway,Waikato,,,,0
NZ357,Karamu Walkway South,Waikato,,,,0
NZ358,Palmers Track,Auckland,,,,0
NZ359,Sentinel Rock Walk,West Coast,,,,0
NZ360,The Great New Zealand River Ride: Ngaruawhia- Karapiro,Waikato,,,,0
NZ361,Minnehaha Walk,West Coast,,,,0
NZ362,Ruakuri Tunnels Walk,Waikato,,,,0
NZ363,Whatipu Gibbons Loop Track,Auckland,,,,0
NZ364,Hauraki Rail Trail: Thames to Paeroa,Waikato,,,,0
NZ365,Tiritiri Matangi Perimeter Loop,Auckland,,,,0
NZ366,Fantail Falls Walk,West Coast,,,,0
NZ367,Rapaura Watergardens Walk,Waikato,,,,0
NZ368,Link Road to The Centre of North Island Walk,Waikato,,,,0
NZ369,Karangahake Gorge Loop,Waikato,,,,0
NZ370,Smoothwater Bay Track,West Coast,,,,0
NZ371,Gums Loop Track,Wellington,,,,0
NZ372,Tairua Waterfront Walk,Waikato,,,,0
NZ373,Pauanui Trail,Waikato,,,,0
NZ374,Historic Waihohonu Hut Track,Waikato,,,,0
NZ375,Waihohunu Track,Waikato,,,,0
NZ376,Rainbow Falls from SH10,Northland,,,,0
NZ377,Tahuna Coastal Walk,Northland,,,,0
NZ378,Bayleys Beach Walk,Northland,,,,0
NZ379,Abbey Caves Walk,Northland,,,,0
NZ380,Hatea River Walk,Northland,,,,0
NZ381,Opua Kauri Walk,Northland,,,,0
NZ382,Mangawhai Cliffs Walkway Loop (Low Tide Only),Northland,,,,0
NZ383,Rerekapa Falls from Mangapapa Road,Manawatū-Whanganui,,,,0
NZ384,Hapauwhenua Viaducts from Marshalls Road Carpark,Manawatū-Whanganui,,,,0
NZ385,Cape Brett Track,Northland,,,,0
NZ386,Kaiparoro Track,Manawatū-Whanganui,,,,0
NZ387,Tāhekerua (Sharplin Falls Track),Canterbury,,,,0
NZ388,Bason Botanical Gardens Walk,Manawatū-Whanganui,,,,0
NZ389,Ian McKean Pinetum Walk,Manawatū-Whanganui,,,,0
NZ390,Te Matua Ngahere Walk,Northland,,,,0
NZ391,Lake Rotokura Track,Manawatū-Whanganui,,,,0
NZ392,Lake Tennyson Campsite Walk,Canterbury,,,,0
NZ393,Kahuterawa Loop,Manawatū-Whanganui,,,,0
NZ394,Kaikoura Peninsula Loop,Canterbury,,,,0
NZ395,Whatipu Beach Track,Auckland,,,,0
NZ396,Omanawa Falls Track,Bay of Plenty,,,,0
NZ397,Buck Rock Track and Low Level Track Circular,Waikato,,,,0
NZ398,Morrinsville River Walk,Waikato,,,,0
NZ399,Hekerua Bay to Palm Beach Loop,Auckland,,,,0
NZ400,Wairoa Cossey Track,Auckland,,,,0
NZ401,Manukau Heads Lighthouse,Auckland,,,,0
NZ402,Marlborough Park Loop,Auckland,,,,0
NZ403,Cossey Gorge Track,Auckland,,,,0
NZ404,Onehunga Bay Reserve Loop,Auckland,,,,0
NZ405,Shakespear Heritage and Tiritiri Tracks Loop,Auckland,,,,0
NZ406,Matheson Bay Bush Walk,Auckland,,,,0
NZ407,Manukau Sports Bowl Loop,Auckland,,,,0
NZ408,Oruarangi Road Reserve and Otuataua Stonefields Loop,Auckland,,,,0
NZ409,Hunua Falls Trail,Auckland,,,,0
NZ410,Waikowhai Steps and Beach Loop,Auckland,,,,0
NZ411,Rocky Bay’s Te Whau Loop,Auckland,,,,0
NZ412,Churchill Park Walk,Auckland,,,,0
NZ413,Orum Road to Cossey and Massey Track Loop,Auckland,,,,0
NZ414,Spragg Bush Walk,Auckland,,,,0
NZ415,Clendon Path,Auckland,,,,0
NZ416,Whatipu to Pararaha Valley,Auckland,,,,0
NZ417,Muriwai Beach and Gannet Colony Loop,Auckland,,,,0
NZ418,Clevedon Scenic Reserve Track and Thorps Quarry,Auckland,,,,0
NZ419,The Path of Land and Sea: Orakei to Glenn Innes Pathway,Auckland,,,,0
NZ420,Mount Donald McLean Track,Auckland,,,,0
NZ421,Owharoa Falls from Karangahake via Old Rail Tunnel,Waikato,,,,0
NZ422,Mangaiti Gully Loop Walk from St James Drive,Waikato,,,,0
NZ423,Kaimanawa Forest Loop Walk,Waikato,,,,0
NZ424,Pirongia Summit via Bell Track,Waikato,,,,0
NZ425,Te Iringa Track to Tiki Tiki Stream,Waikato,,,,0
NZ426,Onemana Coast Walk,Waikato,,,,0
NZ427,Tuahu Track,Bay of Plenty,,,,0
NZ428,Tarawera Outlet to Tarawera Roadend via Tarawera Falls,Bay of Plenty,,,,0
NZ429,Lake Puketirini Walk,Waikato,,,,0
NZ430,Te Awa Track: Hooker Rd to Velodrome,Waikato,,,,0
NZ431,Northern Tarawera Track,Bay of Plenty,,,,0
NZ432,Tarawera Trail to Hot Water Beach,Bay of Plenty,,,,0
NZ433,Lake Okaro Walkway,Bay of Plenty,,,,0
NZ434,Hell's Gate Geothermal Walk,Bay of Plenty,,,,0
NZ435,Burma Road Track,Bay of Plenty,,,,0
NZ436,Tikitapu and Rotokakahi Lake Loops,Bay of Plenty,,,,0
NZ437,McLaren Lakeside Walkway,Bay of Plenty,,,,0
NZ438,Lake Okareka Campsite to The Rock,Bay of Plenty,,,,0
NZ439,Table Mountain Track (Lake Tūtira),Hawke's Bay,,,,0
NZ440,Whirinaki Waterfall Loop Track,Bay of Plenty,,,,0
NZ441,Mahia Peninsula Scenic Reserve Track,Hawke's Bay,,,,0
NZ442,Te Mata Trust Park Giant Circuit,Hawke's Bay,,,,0
NZ443,Waikari River Mouth Loop,Hawke's Bay,,,,0
NZ444,Otatara Pa Loop,Hawke's Bay,,,,0
NZ445,Mangatoa Track to Leitch Hut,Waikato,,,,0
NZ446,Lake Rotokauri Walk,Waikato,,,,0
NZ447,Oamaru Hut to Cascade Hut via Kaipo Track,Waikato,,,,0
NZ448,Waihohonu Hut to Ohinepango Springs,Waikato,,,,0
NZ449,Centre of the North Island Walk,Waikato,,,,0
NZ450,Mount Titiraupenga Track,Waikato,,,,0
NZ451,Castlecliff Beach Loop Walk,Manawatū-Whanganui,,,,0
NZ452,Hylton Park Loop,Manawatū-Whanganui,,,,0
NZ453,Bushy Park Walk,Manawatū-Whanganui,,,,0
NZ454,Mount Holdsworth from Powell Hut,Wellington,,,,0
NZ455,Rapaki Walk,Wellington,,,,0
NZ456,Picnic Rock Lookout from Castle Hill Village via Hogs Back Tracke,Canterbury,,,,0
NZ457,Kaitoke Ridge Track,Wellington,,,,0
NZ458,Colonial Knob from Ohariu Valley Road,Wellington,,,,0
NZ459,Colonial Knob Scenic Reserve,Wellington,,,,0
NZ460,Pukeatua Track to Parawai Lodge,Wellington,,,,0
NZ461,Barry Hadfield Nikau Reserve Lookout,Wellington,,,,0
NZ462,Akaroa Head Scenic Reserve Walk,Canterbury,,,,0
NZ463,Kaikoura Peninsula Loop via South Bay,Canterbury,,,,0
NZ464,Mount Somers Track to Woolshed Creek Hut via Pinnacles Hut,Canterbury,,,,0
NZ465,Woolshed Creek Car Park to Sharplin Falls Car Park,Canterbury,,,,0
NZ466,Woolshed Creek Hut to Water Caves,Canterbury,,,,0
NZ467,Enchanted Forest Walk,Canterbury,,,,0
NZ468,Benmore Peninsula Loop,Canterbury,,,,0
NZ469,Tongariro River Trail,Waikato,,,,0
NZ470,Huka Falls to Aratiatia Rapids,Waikato,,,,0
NZ471,Spa Park to Huka Falls Walk,Waikato,,,,0
NZ472,Aratiatia Walkway,Waikato,,,,0
NZ473,Aratiatia Rapids Lookout Walk,Waikato,,,,0
NZ474,Whakaipo-Kinloch Track,Waikato,,,,0
NZ475,Orakei Korako Geyser Field,Waikato,,,,0
NZ476,Shakespeare Cliff Loop Track,Waikato,,,,0
NZ477,Peacockes Reserve Esplanade Track,Waikato,,,,0
NZ478,Taupo to Five Mile Bay,Waikato,,,,0
NZ479,Jim Higgins Memorial Walkway,Waikato,,,,0
NZ480,Kaituna Valley Scenic Reserve Walk,Canterbury,,,,0
NZ481,Pukeiti Summit Track,Taranaki,,,,0
NZ482,Curtis Falls Track,Taranaki,,,,0
NZ483,Wilkies Pools and Dawsons Falls Loop,Manawatū-Whanganui,,,,0
NZ484,Ōpunakē Loop Trail,Taranaki,,,,0
NZ485,Stratford Plateau Lookout Walk,Taranaki,,,,0
NZ486,Barrett Lagoon Loop Track,Taranaki,,,,0
NZ487,Veronica Loop Track,Taranaki,,,,0
NZ488,Three Sisters Lookout Track,Taranaki,,,,0
NZ489,Herekawe Walkway,Taranaki,,,,0
NZ490,Cavendish Bluffs Loop Track,Canterbury,,,,0
NZ491,Kennedy's Bush Track to Mount Ada,Canterbury,,,,0
NZ492,Onawe Pa Track,Canterbury,,,,0
NZ493,Pegasus Lake Walk,Canterbury,,,,0
NZ494,Harry Ell Walkway,Canterbury,,,,0
NZ495,Boundary Creek Hut from Lake Clearwater,Canterbury,,,,0
NZ496,Ryton Track to Lake Catherine,Canterbury,,,,0
NZ497,Lyttleton to Christchurch Gondola via Bridle Track,Canterbury,,,,0
NZ498,Huntsbury Track,Canterbury,,,,0
NZ499,Christchurch 360 Trail: Sugarloaf Hills,Canterbury,,,,0
NZ500,Centennial Park Loop,Canterbury,,,,0
